         sim	       state	        soln	      dist_x	        time	        step	          pH	          pe	         Alk	    mass_H2O	      charge	     pct_err	          Al	       N(-3)	          Ba	          Ca	          Cl	          Fe	           F	           K	          Mg	          Mn	          Na	          Ni	       N(+5)	       N(+3)	           P	          Si	        S(6)	          Zn	  Alkalinity	           N	           C	  si_Calcite	si_Aragonite	si_Kaolinite	 si_Gibbsite	si_Montmor-Ca	   si_Illite	si_Clinochlore-14A	si_Pyrophyllite	 si_Goethite	  si_Fe(OH)3	 si_SiO2(am)	   si_CO2(g)	 Description	
           1	      i_soln	           1	         -99	         -99	         -99	           7	           4	   0.0100729	           1	  -0.0333566	    -14.5298	  0.0000e+00	  9.3489e-04	  0.0000e+00	  1.5331e-02	  1.2132e-01	  2.3447e-04	  0.0000e+00	  9.7899e-04	  5.8021e-03	  5.5005e-05	  5.6959e-02	  0.0000e+00	  0.0000e+00	  0.0000e+00	  0.0000e+00	  1.0396e-03	  1.8249e-03	  7.7021e-08	  1.0073e-02	  9.3489e-04	  1.1454e-02	      0.7160	      0.5705	   -999.9990	   -999.9990	   -999.9990	   -999.9990	   -999.9990	   -999.9990	      6.8757	      1.7649	     -0.2421	     -1.3543	 10L54165002_25-09-02 	
